-- phpMyAdmin SQL Dump
-- version 5.2.1
-- https://www.phpmyadmin.net/
--
-- Host: 127.0.0.1
-- Generation Time: May 09, 2025 at 10:02 AM
-- Server version: 10.4.32-MariaDB
-- PHP Version: 8.2.12

SET SQL_MODE = "NO_AUTO_VALUE_ON_ZERO";
START TRANSACTION;
SET time_zone = "+00:00";


/*!40101 SET @OLD_CHARACTER_SET_CLIENT=@@CHARACTER_SET_CLIENT */;
/*!40101 SET @OLD_CHARACTER_SET_RESULTS=@@CHARACTER_SET_RESULTS */;
/*!40101 SET @OLD_COLLATION_CONNECTION=@@COLLATION_CONNECTION */;
/*!40101 SET NAMES utf8mb4 */;

--
-- Database: `tollcollectionsystem`
--

-- --------------------------------------------------------

--
-- Table structure for table `admin`
--

CREATE TABLE `admin` (
  `admin_id` int(11) NOT NULL,
  `admin_username` varchar(50) NOT NULL,
  `admin_email` varchar(50) NOT NULL,
  `admin_password` varchar(20) NOT NULL
) ENGINE=InnoDB DEFAULT CHARSET=utf8mb4 COLLATE=utf8mb4_general_ci;

--
-- Dumping data for table `admin`
--

INSERT INTO `admin` (`admin_id`, `admin_username`, `admin_email`, `admin_password`) VALUES
(1, '1', 'aefe', ''),
(2, '', '', ''),
(3, 'efesf', 'e23ef', ''),
(4, 'fesf', 'qrw', 'ewre'),
(5, 'regrgr', 'fwefr@frgg', 'fr4ge4'),
(6, 'ekngwkaneg', 'aefef@nflkesdn', 'wefwf'),
(7, 'shana', 'shanaa@gmail.com', '$2y$10$r4UAz/y2YLA9v');

-- --------------------------------------------------------

--
-- Table structure for table `class`
--

CREATE TABLE `class` (
  `class_id` varchar(50) NOT NULL,
  `class_price` double NOT NULL
) ENGINE=InnoDB DEFAULT CHARSET=utf8mb4 COLLATE=utf8mb4_general_ci;

--
-- Dumping data for table `class`
--

INSERT INTO `class` (`class_id`, `class_price`) VALUES
('Class 1', 1),
('Class 2', 4.6),
('Class 3', 6.9),
('Class 4', 1.2),
('Class 5', 1.6);

-- --------------------------------------------------------

--
-- Table structure for table `detection`
--

CREATE TABLE `detection` (
  `detection_id` int(11) NOT NULL,
  `timestamp` timestamp NOT NULL DEFAULT current_timestamp() ON UPDATE current_timestamp(),
  `confidence` double NOT NULL,
  `class_id` varchar(50) NOT NULL
) ENGINE=InnoDB DEFAULT CHARSET=utf8mb4 COLLATE=utf8mb4_general_ci;

--
-- Dumping data for table `detection`
--

INSERT INTO `detection` (`detection_id`, `timestamp`, `confidence`, `class_id`) VALUES
(1, '2024-12-23 08:03:48', 0.9406217, 'Class 5'),
(5, '2024-12-23 08:15:30', 1, 'Class 1'),
(11, '2024-12-23 14:34:22', 0.88281995, 'Class 5'),
(12, '2024-12-23 15:59:07', 0.9406217, 'Class 5'),
(13, '2024-12-25 12:39:26', 0.64789945, 'Class 1'),
(14, '2024-12-01 06:03:48', 0.7567, 'Class 4'),
(16, '2024-12-02 06:09:48', 0.7567, 'Class 4'),
(17, '2024-12-05 06:01:48', 0.4667, 'Class 5'),
(18, '2024-12-12 08:03:48', 0.7567, 'Class 3'),
(19, '2024-12-12 08:03:48', 0.8523, 'Class 1'),
(20, '2024-12-10 02:15:09', 0.9931, 'Class 4'),
(21, '2024-12-24 21:17:25', 0.9768, 'Class 4'),
(22, '2024-12-03 07:29:11', 0.7204, 'Class 5'),
(23, '2024-12-12 02:29:45', 0.5102, 'Class 5'),
(24, '2024-12-10 04:39:42', 0.8793, 'Class 4'),
(25, '2024-12-28 05:22:12', 0.9566, 'Class 4'),
(27, '2024-12-15 19:29:46', 0.6555, 'Class 1'),
(28, '2024-12-26 02:28:42', 0.7524, 'Class 4'),
(29, '2024-12-13 15:13:40', 0.9829, 'Class 2'),
(30, '2024-12-31 10:51:31', 0.7892, 'Class 5'),
(31, '2024-12-26 10:03:11', 0.5571, 'Class 3'),
(32, '2024-12-01 04:04:14', 0.5043, 'Class 3'),
(33, '2024-12-04 16:14:40', 0.7031, 'Class 2'),
(34, '2024-12-06 05:58:30', 0.5798, 'Class 2'),
(35, '2024-12-21 05:28:35', 0.9573, 'Class 2'),
(36, '2024-12-17 05:55:46', 0.9464, 'Class 3'),
(37, '2024-12-15 04:18:21', 0.6075, 'Class 1'),
(38, '2024-12-27 21:51:32', 0.5639, 'Class 5'),
(39, '2024-12-16 22:39:41', 0.5694, 'Class 3'),
(40, '2024-12-23 00:37:20', 0.9006, 'Class 1'),
(41, '2024-12-20 13:59:31', 0.6606, 'Class 3'),
(42, '2024-12-19 10:00:00', 0.8668, 'Class 5'),
(43, '2024-12-22 00:18:24', 0.756, 'Class 1'),
(44, '2024-12-26 06:26:59', 0.599, 'Class 5'),
(45, '2024-12-14 08:43:39', 0.8094, 'Class 5'),
(46, '2024-12-15 07:42:07', 0.9344, 'Class 4'),
(47, '2024-12-30 14:01:08', 0.9576, 'Class 1'),
(48, '2024-12-23 13:12:52', 0.8113, 'Class 3'),
(49, '2024-12-02 10:16:26', 0.5916, 'Class 5'),
(50, '2024-12-28 02:49:54', 0.8842, 'Class 3'),
(51, '2024-12-10 17:17:46', 0.711, 'Class 2'),
(52, '2024-12-20 13:51:16', 0.7358, 'Class 5'),
(53, '2024-12-05 14:24:36', 0.5686, 'Class 4'),
(54, '2024-12-26 11:42:09', 0.9306, 'Class 2'),
(55, '2024-12-10 08:44:07', 0.9359, 'Class 4'),
(56, '2024-12-02 09:46:54', 0.593, 'Class 2'),
(57, '2024-12-30 21:01:44', 0.946, 'Class 2'),
(58, '2024-12-08 14:38:11', 0.8343, 'Class 4'),
(59, '2024-12-17 10:15:48', 0.8531, 'Class 5'),
(60, '2024-12-24 02:13:08', 0.9576, 'Class 3'),
(61, '2024-12-06 15:43:11', 0.5207, 'Class 2'),
(62, '2024-12-18 02:24:12', 0.8443, 'Class 1'),
(63, '2024-12-22 20:40:37', 0.8116, 'Class 4'),
(64, '2024-12-03 03:26:03', 0.8471, 'Class 3'),
(65, '2024-12-26 04:17:07', 0.9017, 'Class 1'),
(66, '2024-12-22 21:58:42', 0.734, 'Class 5'),
(67, '2024-12-10 08:10:51', 0.5818, 'Class 2'),
(68, '2024-12-17 18:00:04', 0.9029, 'Class 1'),
(69, '2024-12-03 02:24:49', 0.7116, 'Class 5'),
(70, '2024-12-15 06:47:47', 0.6718, 'Class 3'),
(71, '2024-12-15 21:22:30', 0.8724, 'Class 3'),
(72, '2024-12-25 12:26:39', 0.7403, 'Class 4'),
(73, '2024-12-27 14:57:39', 0.9396, 'Class 3'),
(74, '2024-12-07 13:54:12', 0.7986, 'Class 4'),
(75, '2024-12-28 04:21:46', 0.5207, 'Class 5'),
(76, '2024-12-13 01:03:37', 0.7624, 'Class 2'),
(77, '2024-12-03 06:22:26', 0.9705, 'Class 5'),
(78, '2024-12-28 23:31:56', 0.5314, 'Class 2'),
(79, '2024-12-22 18:09:30', 0.7142, 'Class 3'),
(80, '2024-12-13 20:09:54', 0.5097, 'Class 5'),
(81, '2024-12-13 04:37:05', 0.5975, 'Class 4'),
(82, '2024-12-12 13:17:14', 0.5881, 'Class 1'),
(83, '2024-12-05 01:07:43', 0.8138, 'Class 5'),
(84, '2024-12-26 07:53:45', 0.7188, 'Class 5'),
(85, '2024-12-16 15:23:40', 0.7331, 'Class 5'),
(86, '2024-12-18 03:41:40', 0.62, 'Class 1'),
(87, '2024-12-01 20:55:30', 0.6901, 'Class 4'),
(88, '2024-12-08 17:53:41', 0.8409, 'Class 3'),
(89, '2024-12-08 00:55:41', 0.6869, 'Class 1'),
(90, '2024-12-11 05:23:47', 0.5768, 'Class 2'),
(91, '2024-12-17 19:57:05', 0.9648, 'Class 5'),
(92, '2024-12-04 19:19:16', 0.8945, 'Class 5'),
(93, '2024-12-04 14:41:29', 0.8326, 'Class 3'),
(94, '2024-12-09 09:10:34', 0.8997, 'Class 2'),
(95, '2024-12-02 11:27:10', 0.5027, 'Class 5'),
(96, '2024-12-14 17:01:35', 0.5935, 'Class 1'),
(97, '2024-12-10 01:13:08', 0.9229, 'Class 5'),
(98, '2024-12-21 06:11:00', 0.5815, 'Class 5'),
(99, '2024-12-13 08:45:40', 0.5982, 'Class 1'),
(100, '2024-12-03 11:47:09', 0.5192, 'Class 4'),
(101, '2024-12-09 18:31:18', 0.9992, 'Class 3'),
(102, '2024-12-14 08:40:44', 0.6935, 'Class 4'),
(103, '2024-12-04 03:41:37', 0.8976, 'Class 4'),
(104, '2024-12-26 00:30:44', 0.553, 'Class 2'),
(105, '2024-12-27 10:54:18', 0.715, 'Class 5'),
(106, '2024-12-01 20:06:49', 0.7343, 'Class 5'),
(107, '2024-12-29 16:49:43', 0.8609, 'Class 5'),
(108, '2024-12-07 16:36:30', 0.9435, 'Class 3'),
(109, '2024-12-20 13:34:50', 0.5255, 'Class 3'),
(110, '2024-12-10 17:36:09', 0.9867, 'Class 3'),
(111, '2024-12-01 03:42:16', 0.7492, 'Class 4'),
(112, '2024-12-17 20:07:25', 0.6461, 'Class 3'),
(113, '2024-12-10 03:57:26', 0.8551, 'Class 3'),
(114, '2024-12-26 20:59:38', 0.5107, 'Class 5'),
(115, '2024-12-25 22:04:08', 0.7919, 'Class 4'),
(116, '2024-12-02 21:52:54', 0.8236, 'Class 1'),
(117, '2024-12-01 08:11:14', 0.5404, 'Class 5'),
(118, '2024-12-25 15:20:43', 0.7739, 'Class 4'),
(119, '2024-12-23 12:45:03', 0.6448, 'Class 3'),
(120, '2024-12-18 23:20:48', 0.8402, 'Class 5'),
(121, '2024-12-03 04:38:58', 0.9498, 'Class 3'),
(122, '2024-12-27 16:43:45', 0.5628, 'Class 2'),
(123, '2024-12-26 16:56:45', 0.787, 'Class 1'),
(124, '2024-12-09 21:50:11', 0.8821, 'Class 3'),
(125, '2024-12-19 17:58:07', 0.5722, 'Class 4'),
(126, '2024-12-15 03:51:24', 0.6119, 'Class 3'),
(127, '2024-12-26 03:58:24', 0.5977, 'Class 5'),
(128, '2024-12-30 14:26:34', 0.7097, 'Class 3'),
(129, '2024-12-30 04:12:44', 0.7047, 'Class 2'),
(130, '2024-12-27 21:27:46', 0.5121, 'Class 2'),
(131, '2024-12-14 18:27:00', 0.5573, 'Class 4'),
(132, '2024-12-20 08:35:00', 0.941, 'Class 1'),
(133, '2024-12-16 09:40:56', 0.6973, 'Class 4'),
(134, '2024-12-23 14:54:36', 0.7655, 'Class 4'),
(135, '2024-12-06 00:55:29', 0.7772, 'Class 1'),
(136, '2024-12-01 03:15:33', 0.6453, 'Class 3'),
(137, '2024-12-18 23:00:36', 0.8798, 'Class 5'),
(138, '2024-12-25 04:10:54', 0.9603, 'Class 1'),
(139, '2024-12-13 01:18:04', 0.8084, 'Class 4'),
(140, '2024-12-13 04:41:26', 0.8422, 'Class 4'),
(141, '2024-12-23 22:59:41', 0.9859, 'Class 2'),
(142, '2024-12-12 01:47:31', 0.5846, 'Class 2'),
(143, '2024-12-08 17:05:51', 0.6512, 'Class 1'),
(144, '2024-12-04 10:46:38', 0.9662, 'Class 4'),
(145, '2024-12-05 15:30:45', 0.6308, 'Class 4'),
(146, '2024-12-16 02:45:42', 0.73, 'Class 2'),
(147, '2024-12-18 08:11:24', 0.9636, 'Class 4'),
(148, '2024-12-12 18:30:46', 0.6362, 'Class 5'),
(149, '2024-12-24 02:37:55', 0.8351, 'Class 2'),
(150, '2024-12-13 19:30:58', 0.6969, 'Class 1'),
(151, '2024-12-24 16:58:03', 0.8053, 'Class 1'),
(152, '2024-12-02 18:17:24', 0.5675, 'Class 5'),
(153, '2024-12-06 08:20:19', 0.5169, 'Class 5'),
(154, '2024-12-27 11:41:32', 0.8494, 'Class 4'),
(155, '2024-12-18 14:28:57', 0.932, 'Class 4'),
(156, '2024-12-19 07:37:25', 0.9428, 'Class 5'),
(157, '2024-12-20 20:19:45', 0.852, 'Class 5'),
(158, '2024-12-07 10:38:37', 0.6361, 'Class 3'),
(159, '2024-12-01 12:52:32', 0.7022, 'Class 4'),
(160, '2024-12-15 04:32:32', 0.922, 'Class 3'),
(161, '2024-12-23 17:58:46', 0.7202, 'Class 5'),
(162, '2024-12-24 01:06:09', 0.5948, 'Class 5'),
(163, '2024-12-11 11:02:59', 0.8551, 'Class 2'),
(164, '2024-12-24 18:13:15', 0.9235, 'Class 3'),
(165, '2024-12-14 22:46:19', 0.8198, 'Class 1'),
(166, '2024-12-05 18:47:07', 0.9515, 'Class 2'),
(167, '2024-12-18 03:15:44', 0.7829, 'Class 2'),
(168, '2024-12-20 23:08:40', 0.984, 'Class 5'),
(169, '2024-12-06 15:03:16', 0.5395, 'Class 5'),
(170, '2024-12-09 23:56:51', 0.6655, 'Class 5'),
(171, '2024-12-22 00:38:42', 0.644, 'Class 1'),
(172, '2024-12-28 15:27:20', 0.6826, 'Class 4'),
(173, '2024-12-14 12:11:31', 0.9946, 'Class 3'),
(174, '2024-12-07 02:02:19', 0.8382, 'Class 2'),
(175, '2024-12-07 01:02:35', 0.5366, 'Class 2'),
(176, '2024-12-27 17:28:37', 0.5407, 'Class 2'),
(177, '2024-12-18 03:01:31', 0.5934, 'Class 1'),
(178, '2024-12-22 07:35:00', 0.7067, 'Class 1'),
(179, '2024-12-15 21:57:54', 0.7187, 'Class 2'),
(180, '2024-12-17 00:11:36', 0.5696, 'Class 2'),
(181, '2024-12-31 03:28:03', 0.9312, 'Class 5'),
(182, '2024-12-01 13:52:26', 0.8572, 'Class 3'),
(183, '2024-12-12 07:11:47', 0.8156, 'Class 3'),
(184, '2024-12-17 23:54:47', 0.9314, 'Class 5'),
(185, '2024-12-18 23:19:53', 0.9942, 'Class 3'),
(186, '2024-12-11 04:15:48', 0.8614, 'Class 4'),
(187, '2024-12-09 01:45:01', 0.6889, 'Class 1'),
(188, '2024-12-11 00:51:17', 0.6853, 'Class 4'),
(189, '2024-12-12 14:07:09', 0.6896, 'Class 2'),
(190, '2024-12-05 13:45:09', 0.7833, 'Class 2'),
(191, '2024-12-04 22:56:50', 0.6855, 'Class 5'),
(192, '2024-12-18 02:45:49', 0.8293, 'Class 1'),
(193, '2024-12-30 23:41:47', 0.6558, 'Class 2'),
(194, '2024-12-13 07:01:47', 0.9169, 'Class 4'),
(195, '2024-12-13 05:11:31', 0.8492, 'Class 1'),
(196, '2024-12-28 13:51:49', 0.9957, 'Class 2'),
(197, '2024-12-26 13:51:00', 0.8921, 'Class 5'),
(198, '2024-12-10 13:06:17', 0.5807, 'Class 3'),
(199, '2024-12-21 08:45:08', 0.545, 'Class 3'),
(200, '2024-12-03 14:07:51', 0.9828, 'Class 5'),
(201, '2024-12-01 04:38:54', 0.7697, 'Class 4'),
(202, '2024-12-02 14:58:22', 0.5311, 'Class 4'),
(203, '2024-12-13 15:36:08', 0.8641, 'Class 1'),
(204, '2024-12-12 01:57:50', 0.9189, 'Class 1'),
(205, '2024-12-02 10:40:20', 0.7454, 'Class 5'),
(206, '2024-12-20 11:43:56', 0.8534, 'Class 4'),
(207, '2024-12-23 06:40:31', 0.997, 'Class 3'),
(208, '2024-12-13 06:58:44', 0.8172, 'Class 4'),
(209, '2024-12-16 15:05:31', 0.9291, 'Class 1'),
(210, '2024-12-26 13:44:20', 0.6631, 'Class 2'),
(211, '2024-12-30 15:48:27', 0.8034, 'Class 2'),
(212, '2024-12-13 21:58:24', 0.6827, 'Class 2'),
(213, '2024-12-26 01:23:11', 0.5327, 'Class 1'),
(214, '2024-12-04 12:31:37', 0.7372, 'Class 5'),
(215, '2024-12-10 11:54:05', 0.7274, 'Class 3'),
(216, '2024-12-26 17:32:11', 0.6953, 'Class 1'),
(217, '2024-12-29 16:50:27', 0.9871, 'Class 2'),
(218, '2024-12-23 08:43:32', 0.5039, 'Class 4'),
(219, '2024-12-17 09:15:01', 0.6834, 'Class 5'),
(220, '2024-12-18 03:59:16', 0.5159, 'Class 4'),
(221, '2024-12-24 01:30:32', 0.543, 'Class 3'),
(222, '2024-12-05 17:15:30', 0.749, 'Class 1'),
(223, '2024-12-07 03:52:16', 0.9612, 'Class 5'),
(224, '2024-12-20 12:47:23', 0.9105, 'Class 1'),
(225, '2024-12-09 12:41:29', 0.5531, 'Class 4'),
(226, '2024-12-08 23:12:10', 0.5419, 'Class 3'),
(227, '2024-12-11 19:39:02', 0.9664, 'Class 4'),
(228, '2024-12-21 20:47:17', 0.7172, 'Class 2'),
(229, '2024-12-03 02:24:07', 0.7948, 'Class 2'),
(230, '2024-12-21 05:55:19', 0.8688, 'Class 1'),
(231, '2024-12-23 19:03:00', 0.9574, 'Class 1'),
(232, '2024-12-04 02:41:10', 0.5742, 'Class 1'),
(233, '2024-12-20 09:57:12', 0.5232, 'Class 4'),
(234, '2024-12-20 06:35:07', 0.5172, 'Class 2'),
(235, '2024-12-18 23:42:46', 0.8448, 'Class 5'),
(236, '2024-12-21 11:02:15', 0.5472, 'Class 2'),
(237, '2024-12-28 20:52:42', 0.7802, 'Class 5'),
(238, '2024-12-10 01:15:48', 0.8731, 'Class 3'),
(239, '2024-12-13 17:04:45', 0.9004, 'Class 2'),
(240, '2024-12-15 10:29:55', 0.9029, 'Class 3'),
(241, '2024-12-01 22:59:23', 0.6395, 'Class 5'),
(242, '2024-12-19 06:57:49', 0.5749, 'Class 4'),
(243, '2024-12-28 20:28:53', 0.9333, 'Class 3'),
(388, '2024-12-23 00:49:58', 0.5402, 'Class 1'),
(389, '2024-12-22 10:44:30', 0.6407, 'Class 1'),
(390, '2024-12-15 16:26:45', 0.734, 'Class 2'),
(391, '2024-12-12 21:59:09', 0.6616, 'Class 2'),
(392, '2024-12-20 22:21:58', 0.8486, 'Class 1'),
(393, '2024-12-05 00:20:58', 0.6201, 'Class 1'),
(394, '2024-12-14 15:55:55', 0.7452, 'Class 2'),
(395, '2024-12-19 17:59:03', 0.7712, 'Class 3'),
(396, '2024-12-31 11:05:46', 0.6429, 'Class 1'),
(397, '2024-12-19 17:46:36', 0.8819, 'Class 5'),
(398, '2024-12-10 08:49:49', 0.5615, 'Class 5'),
(399, '2024-12-27 21:59:45', 0.7353, 'Class 2'),
(400, '2024-12-25 05:00:26', 0.5348, 'Class 2'),
(401, '2024-12-29 14:49:58', 0.8638, 'Class 1'),
(402, '2024-12-01 08:04:37', 0.7105, 'Class 3'),
(403, '2024-12-25 12:05:31', 0.8697, 'Class 3'),
(404, '2024-12-26 17:16:53', 0.7418, 'Class 5'),
(405, '2024-12-03 02:05:54', 0.6181, 'Class 3'),
(406, '2024-12-14 13:11:12', 0.5675, 'Class 3'),
(407, '2024-12-30 16:02:08', 0.8824, 'Class 4'),
(408, '2024-12-18 13:55:41', 0.6947, 'Class 4'),
(409, '2024-12-15 07:27:25', 0.7066, 'Class 1'),
(410, '2024-12-27 13:24:29', 0.9008, 'Class 2'),
(411, '2024-12-04 07:25:34', 0.7538, 'Class 3'),
(412, '2024-12-28 15:17:45', 0.9536, 'Class 1'),
(413, '2024-12-24 07:34:43', 0.7592, 'Class 1'),
(414, '2024-12-13 19:13:51', 0.9149, 'Class 3'),
(415, '2024-12-05 04:44:16', 0.6135, 'Class 2'),
(416, '2024-12-21 17:12:40', 0.8735, 'Class 2'),
(417, '2024-12-13 11:36:21', 0.5588, 'Class 2'),
(418, '2024-12-15 01:43:23', 0.8952, 'Class 1'),
(419, '2024-12-13 16:46:58', 0.8592, 'Class 2'),
(420, '2024-12-05 19:00:22', 0.5154, 'Class 5'),
(421, '2024-12-22 18:56:48', 0.743, 'Class 2'),
(422, '2024-12-11 00:44:54', 0.9479, 'Class 4'),
(423, '2024-12-03 13:00:44', 0.9383, 'Class 3'),
(424, '2024-12-02 16:42:36', 0.8594, 'Class 4'),
(425, '2024-12-02 11:14:33', 0.5737, 'Class 5'),
(426, '2024-12-25 20:38:41', 0.833, 'Class 5'),
(427, '2024-12-14 18:28:25', 0.6718, 'Class 3'),
(428, '2024-12-08 18:07:50', 0.8792, 'Class 4'),
(429, '2024-12-27 19:55:07', 0.6283, 'Class 3'),
(430, '2024-12-16 08:13:55', 0.6011, 'Class 4'),
(431, '2024-12-07 08:32:46', 0.8135, 'Class 1'),
(432, '2024-12-04 09:47:09', 0.5419, 'Class 2'),
(433, '2024-12-28 08:48:44', 0.5876, 'Class 4'),
(434, '2024-12-05 14:05:14', 0.6172, 'Class 2'),
(435, '2024-12-11 12:55:03', 0.5301, 'Class 4'),
(436, '2024-12-20 04:36:54', 0.5123, 'Class 2'),
(437, '2024-12-25 10:09:42', 0.5034, 'Class 2'),
(438, '2024-12-06 00:51:32', 0.5226, 'Class 5'),
(439, '2024-12-20 00:14:35', 0.9685, 'Class 1'),
(440, '2024-12-23 04:46:09', 0.8228, 'Class 4'),
(441, '2024-12-16 11:56:37', 0.846, 'Class 2'),
(442, '2024-12-31 10:53:36', 0.597, 'Class 3'),
(443, '2024-12-30 03:36:19', 0.5521, 'Class 3'),
(444, '2024-12-29 17:22:12', 0.7253, 'Class 2'),
(445, '2024-12-21 00:03:16', 0.6961, 'Class 4'),
(446, '2024-12-09 20:22:50', 0.5542, 'Class 2'),
(447, '2024-11-30 16:41:28', 0.9583, 'Class 5'),
(448, '2024-12-08 15:16:50', 0.5574, 'Class 3'),
(449, '2024-12-13 08:49:59', 0.7119, 'Class 5'),
(450, '2024-12-02 18:48:43', 0.9878, 'Class 3'),
(451, '2024-12-02 04:59:51', 0.929, 'Class 5'),
(452, '2024-12-06 11:26:01', 0.6268, 'Class 1'),
(453, '2024-12-31 12:09:54', 0.893, 'Class 4'),
(454, '2024-12-01 13:18:18', 0.7392, 'Class 3'),
(455, '2024-12-06 01:51:27', 0.733, 'Class 1'),
(456, '2024-12-05 00:01:40', 0.9709, 'Class 3'),
(457, '2024-12-30 17:45:13', 0.9199, 'Class 2'),
(458, '2024-12-27 14:05:15', 0.8453, 'Class 2'),
(459, '2024-12-10 14:53:46', 0.8878, 'Class 3'),
(460, '2024-12-03 07:56:54', 0.605, 'Class 4'),
(461, '2024-12-20 08:20:59', 0.9428, 'Class 1'),
(462, '2024-12-30 04:51:28', 0.6395, 'Class 4'),
(463, '2024-12-31 09:15:25', 0.8692, 'Class 5'),
(464, '2024-12-04 22:04:22', 0.8113, 'Class 3'),
(465, '2024-12-02 09:38:22', 0.6539, 'Class 3'),
(466, '2024-12-12 13:09:56', 0.7886, 'Class 3'),
(467, '2024-12-17 04:06:40', 0.7495, 'Class 2'),
(468, '2024-12-21 18:49:01', 0.5405, 'Class 1'),
(469, '2024-12-05 19:35:58', 0.6632, 'Class 1'),
(470, '2024-12-21 12:53:56', 0.9578, 'Class 5'),
(471, '2024-12-28 07:28:19', 0.5132, 'Class 4'),
(472, '2024-12-26 17:49:14', 0.862, 'Class 2'),
(473, '2024-12-13 09:39:12', 0.5042, 'Class 5'),
(474, '2024-12-24 06:56:14', 0.5539, 'Class 2'),
(475, '2024-12-18 22:45:04', 0.8229, 'Class 5'),
(476, '2024-12-11 15:05:24', 0.8211, 'Class 2'),
(477, '2024-12-11 11:28:38', 0.7068, 'Class 1'),
(478, '2024-12-07 13:17:54', 0.9463, 'Class 4'),
(479, '2024-12-17 17:22:55', 0.9461, 'Class 1'),
(480, '2024-12-13 13:41:53', 0.9591, 'Class 4'),
(481, '2024-12-29 23:52:30', 0.7598, 'Class 2'),
(482, '2024-12-25 19:03:34', 0.7626, 'Class 4'),
(483, '2024-12-08 03:42:25', 0.8862, 'Class 5'),
(484, '2024-12-17 18:03:08', 0.8094, 'Class 2'),
(485, '2024-12-07 21:06:52', 0.9543, 'Class 5'),
(486, '2024-11-30 16:18:36', 0.7093, 'Class 5'),
(487, '2024-12-05 08:47:21', 0.7032, 'Class 4'),
(488, '2024-12-28 11:30:07', 0.9229, 'Class 2'),
(489, '2024-12-07 09:02:04', 0.6982, 'Class 4'),
(490, '2024-12-11 06:14:48', 0.9453, 'Class 4'),
(491, '2024-12-05 12:38:15', 0.5017, 'Class 3'),
(492, '2024-12-29 08:42:10', 0.9224, 'Class 3'),
(493, '2024-12-17 20:04:56', 0.9775, 'Class 1'),
(494, '2024-12-01 13:49:19', 0.5766, 'Class 1'),
(495, '2024-12-01 18:16:21', 0.7602, 'Class 5'),
(496, '2024-12-08 01:43:59', 0.8167, 'Class 2'),
(497, '2024-12-26 12:33:58', 0.5155, 'Class 5'),
(498, '2024-12-07 15:02:41', 0.5117, 'Class 1'),
(499, '2024-12-19 11:59:13', 0.5939, 'Class 5'),
(500, '2024-12-29 13:24:45', 0.7666, 'Class 3'),
(501, '2024-12-29 17:05:14', 0.5562, 'Class 5'),
(502, '2024-12-24 14:06:28', 0.642, 'Class 3'),
(503, '2024-12-20 09:27:12', 0.6401, 'Class 5'),
(504, '2024-12-19 19:06:41', 0.9397, 'Class 4'),
(505, '2024-12-13 16:38:24', 0.9932, 'Class 1'),
(506, '2024-12-18 03:43:31', 0.5499, 'Class 4'),
(507, '2024-12-31 01:40:41', 0.9482, 'Class 1'),
(508, '2024-12-15 06:37:55', 0.5696, 'Class 5'),
(509, '2024-12-18 03:40:54', 0.8369, 'Class 1'),
(510, '2024-12-05 03:57:57', 0.7746, 'Class 1'),
(511, '2024-12-13 16:36:46', 0.9403, 'Class 2'),
(512, '2024-12-25 01:36:07', 0.7063, 'Class 2'),
(513, '2024-12-07 12:16:37', 0.6407, 'Class 4'),
(514, '2024-12-10 08:24:24', 0.63, 'Class 4'),
(515, '2024-12-25 16:16:55', 0.6364, 'Class 4'),
(516, '2024-12-19 21:23:12', 0.966, 'Class 5'),
(517, '2024-12-13 20:44:49', 0.8926, 'Class 3'),
(518, '2024-12-18 14:28:58', 0.5164, 'Class 4'),
(519, '2024-12-14 01:03:41', 0.8731, 'Class 1'),
(520, '2024-12-14 11:13:27', 0.903, 'Class 2'),
(521, '2024-12-18 23:26:07', 0.6464, 'Class 5'),
(522, '2024-12-18 02:14:21', 0.7796, 'Class 1'),
(523, '2024-12-18 18:25:14', 0.778, 'Class 2'),
(524, '2024-12-31 15:21:08', 0.5539, 'Class 3'),
(525, '2024-12-14 15:04:42', 0.7339, 'Class 1'),
(526, '2024-12-21 09:46:54', 0.8396, 'Class 2'),
(527, '2024-12-16 05:57:59', 0.9677, 'Class 4'),
(528, '2024-12-11 21:39:34', 0.8995, 'Class 4'),
(529, '2024-12-30 20:51:06', 0.5634, 'Class 3'),
(530, '2024-12-16 23:31:54', 0.6932, 'Class 2'),
(531, '2024-12-27 15:02:34', 0.9275, 'Class 4'),
(532, '2024-12-24 22:16:48', 0.7168, 'Class 5'),
(533, '2024-12-01 04:01:46', 0.7539, 'Class 1'),
(534, '2024-12-14 03:43:06', 0.7271, 'Class 1'),
(535, '2024-12-23 10:26:09', 0.6053, 'Class 4'),
(536, '2024-12-29 02:32:32', 0.6493, 'Class 1'),
(537, '2024-12-26 04:35:02', 0.5675, 'Class 2'),
(538, '2024-12-09 01:13:58', 0.5136, 'Class 3'),
(539, '2024-12-29 19:03:19', 0.5456, 'Class 2'),
(540, '2024-12-28 00:20:40', 0.8562, 'Class 5'),
(541, '2024-12-06 05:26:15', 0.6813, 'Class 4'),
(542, '2024-12-07 19:36:57', 0.6979, 'Class 2'),
(543, '2024-11-30 20:04:45', 0.9385, 'Class 1'),
(544, '2024-12-31 03:25:38', 0.7293, 'Class 2'),
(545, '2024-12-20 08:28:16', 0.9913, 'Class 4'),
(546, '2024-12-04 01:56:02', 0.5752, 'Class 3'),
(547, '2024-12-28 01:53:12', 0.5861, 'Class 5'),
(548, '2024-12-10 06:15:49', 0.8432, 'Class 5'),
(549, '2024-12-16 19:52:25', 0.9387, 'Class 4'),
(550, '2024-12-15 10:35:05', 0.7844, 'Class 3'),
(551, '2024-12-13 11:54:32', 0.7106, 'Class 1'),
(552, '2024-12-30 15:55:30', 0.8137, 'Class 2'),
(553, '2024-12-03 11:47:43', 0.9671, 'Class 5'),
(554, '2024-12-20 17:42:26', 0.8496, 'Class 5'),
(555, '2024-12-06 05:49:59', 0.872, 'Class 5'),
(556, '2024-12-17 15:11:42', 0.6371, 'Class 2'),
(557, '2024-12-03 04:05:32', 0.7777, 'Class 5'),
(558, '2024-12-24 16:24:03', 0.7134, 'Class 2'),
(559, '2024-12-31 09:19:57', 0.8265, 'Class 4'),
(560, '2024-12-26 12:52:49', 0.626, 'Class 5'),
(561, '2024-12-09 15:00:03', 0.9789, 'Class 3'),
(562, '2024-12-12 21:32:25', 0.7939, 'Class 5'),
(563, '2024-12-06 16:42:27', 0.7428, 'Class 5'),
(564, '2024-12-12 11:05:49', 0.7713, 'Class 3'),
(565, '2024-12-23 13:32:15', 0.6786, 'Class 3'),
(566, '2024-12-06 17:24:52', 0.8577, 'Class 4'),
(567, '2024-12-20 03:10:10', 0.6159, 'Class 5'),
(568, '2024-12-16 12:44:17', 0.5007, 'Class 4'),
(569, '2024-12-30 13:57:49', 0.5326, 'Class 5'),
(570, '2024-12-12 18:26:51', 0.7164, 'Class 5'),
(571, '2024-12-27 15:51:06', 0.6816, 'Class 3'),
(572, '2024-12-05 22:24:00', 0.7423, 'Class 4'),
(573, '2024-12-07 08:04:34', 0.5354, 'Class 2'),
(574, '2024-11-30 20:22:54', 0.9564, 'Class 4'),
(575, '2024-12-20 04:22:39', 0.6492, 'Class 1'),
(576, '2024-12-08 02:55:21', 0.6158, 'Class 1'),
(577, '2024-12-28 03:10:04', 0.6265, 'Class 3'),
(578, '2024-12-18 03:34:42', 0.7484, 'Class 3'),
(579, '2024-12-09 12:16:34', 0.9861, 'Class 5'),
(580, '2024-12-06 14:01:18', 0.8231, 'Class 1'),
(581, '2024-12-24 13:54:05', 0.6633, 'Class 5'),
(582, '2024-12-04 14:04:41', 0.764, 'Class 5'),
(583, '2024-12-23 15:01:58', 0.6357, 'Class 3'),
(584, '2024-12-09 21:58:03', 0.7933, 'Class 2'),
(585, '2024-12-08 08:23:03', 0.8488, 'Class 2'),
(586, '2024-12-24 09:39:15', 0.8758, 'Class 1'),
(587, '2024-12-06 14:18:28', 0.8179, 'Class 5'),
(588, '2024-12-03 20:17:31', 0.62, 'Class 1'),
(589, '2024-12-19 12:24:23', 0.7584, 'Class 1'),
(590, '2024-12-19 12:48:18', 0.5237, 'Class 1'),
(591, '2024-12-03 07:36:59', 0.9543, 'Class 5'),
(592, '2024-12-01 08:44:43', 0.7891, 'Class 2'),
(593, '2024-12-22 22:43:30', 0.5574, 'Class 5'),
(594, '2024-12-13 14:43:33', 0.536, 'Class 2'),
(595, '2024-12-03 04:25:32', 0.5943, 'Class 1'),
(596, '2024-12-12 03:20:00', 0.7274, 'Class 2'),
(597, '2024-12-20 23:02:06', 0.5079, 'Class 4'),
(598, '2024-11-30 18:17:16', 0.9403, 'Class 5'),
(599, '2024-12-02 00:36:36', 0.5357, 'Class 2'),
(600, '2024-12-16 02:10:28', 0.9896, 'Class 1'),
(601, '2024-12-16 17:51:05', 0.9205, 'Class 4'),
(602, '2024-12-23 04:24:59', 0.5006, 'Class 1'),
(603, '2024-12-16 18:38:03', 0.8131, 'Class 4'),
(604, '2024-12-19 18:41:46', 0.9687, 'Class 2'),
(605, '2024-12-31 03:06:28', 0.5497, 'Class 5'),
(606, '2024-12-14 21:27:56', 0.7145, 'Class 3'),
(607, '2024-12-17 03:30:46', 0.689, 'Class 2'),
(608, '2024-12-05 06:31:58', 0.9633, 'Class 1'),
(609, '2024-12-29 12:03:38', 0.549, 'Class 3'),
(610, '2024-12-14 05:40:44', 0.7628, 'Class 2'),
(611, '2024-12-23 19:23:52', 0.7031, 'Class 3'),
(612, '2024-12-05 07:13:40', 0.7633, 'Class 5'),
(613, '2024-12-28 23:50:04', 0.8277, 'Class 1'),
(614, '2024-12-08 20:53:43', 0.7719, 'Class 3'),
(615, '2024-12-18 00:41:44', 0.8889, 'Class 1'),
(616, '2024-12-18 21:26:11', 0.7201, 'Class 5'),
(617, '2024-12-02 11:23:57', 0.8764, 'Class 2'),
(618, '2024-12-22 16:15:22', 0.6732, 'Class 3'),
(619, '2024-12-28 03:24:33', 0.7235, 'Class 4'),
(620, '2024-12-08 01:03:03', 0.8294, 'Class 5'),
(621, '2024-12-14 14:22:47', 0.5826, 'Class 5'),
(622, '2024-12-08 05:55:09', 0.5724, 'Class 1'),
(623, '2024-12-16 03:57:09', 0.7098, 'Class 2'),
(624, '2024-12-29 06:38:12', 0.6686, 'Class 1'),
(625, '2024-12-06 04:51:57', 0.7725, 'Class 4'),
(626, '2024-12-07 18:22:15', 0.8956, 'Class 4'),
(627, '2024-12-12 11:53:28', 0.6156, 'Class 3'),
(628, '2024-12-22 01:18:49', 0.6513, 'Class 3'),
(629, '2024-12-08 09:05:35', 0.6839, 'Class 5'),
(630, '2024-12-12 07:58:12', 0.809, 'Class 2'),
(631, '2024-12-10 18:14:49', 0.7606, 'Class 3'),
(632, '2024-12-19 22:27:07', 0.7732, 'Class 3'),
(633, '2024-11-30 17:21:19', 0.7846, 'Class 1'),
(634, '2024-12-14 08:47:01', 0.8568, 'Class 4'),
(635, '2024-12-05 14:17:17', 0.9421, 'Class 1'),
(636, '2024-12-20 04:21:33', 0.8169, 'Class 2'),
(637, '2024-12-21 18:26:03', 0.5158, 'Class 3'),
(638, '2024-12-12 16:02:40', 0.9832, 'Class 1'),
(639, '2024-12-17 00:41:25', 0.9144, 'Class 2'),
(640, '2024-12-20 18:23:07', 0.9257, 'Class 2'),
(641, '2024-12-12 09:49:14', 0.9144, 'Class 5'),
(642, '2024-12-16 10:55:16', 0.5744, 'Class 4'),
(643, '2024-12-01 00:05:21', 0.9688, 'Class 3'),
(644, '2024-12-14 07:30:05', 0.6681, 'Class 1'),
(645, '2024-12-10 20:05:50', 0.5311, 'Class 5'),
(646, '2024-12-09 07:06:31', 0.6666, 'Class 4'),
(647, '2024-12-26 21:59:23', 0.5534, 'Class 1'),
(648, '2024-12-28 16:50:34', 0.9329, 'Class 1'),
(649, '2024-12-12 05:03:39', 0.7989, 'Class 5'),
(650, '2024-12-18 21:29:43', 0.5384, 'Class 5'),
(651, '2024-12-14 03:21:00', 0.5755, 'Class 4'),
(652, '2024-12-26 23:37:13', 0.5272, 'Class 2'),
(653, '2024-12-21 23:49:09', 0.921, 'Class 2'),
(654, '2024-12-06 18:26:02', 0.5459, 'Class 2'),
(655, '2024-12-26 09:09:44', 0.5403, 'Class 3'),
(656, '2024-12-31 14:55:16', 0.7623, 'Class 1'),
(657, '2024-12-25 02:51:00', 0.5336, 'Class 5'),
(658, '2024-12-25 11:26:25', 0.6853, 'Class 4'),
(659, '2024-12-03 13:40:51', 0.5519, 'Class 1'),
(660, '2024-12-27 07:16:35', 0.8527, 'Class 5'),
(661, '2024-12-12 21:51:27', 0.8393, 'Class 4'),
(662, '2024-12-07 05:22:32', 0.8491, 'Class 3'),
(663, '2024-12-12 06:45:17', 0.9872, 'Class 2'),
(664, '2024-12-03 16:01:33', 0.8082, 'Class 4'),
(665, '2024-12-03 18:06:26', 0.7009, 'Class 2'),
(666, '2024-12-23 21:54:41', 0.9464, 'Class 2'),
(667, '2024-12-01 15:49:38', 0.6664, 'Class 4'),
(668, '2024-12-02 02:13:43', 0.7441, 'Class 4'),
(669, '2024-12-07 11:15:03', 0.5089, 'Class 1'),
(670, '2024-12-10 09:13:06', 0.588, 'Class 2'),
(671, '2024-12-23 07:23:51', 0.819, 'Class 1'),
(672, '2024-12-15 02:05:16', 0.7075, 'Class 2'),
(673, '2024-12-02 11:02:31', 0.8574, 'Class 4'),
(674, '2024-12-14 12:01:16', 0.9712, 'Class 1'),
(675, '2024-12-14 23:50:37', 0.7295, 'Class 4'),
(676, '2024-12-31 09:31:33', 0.6234, 'Class 5'),
(677, '2024-12-17 17:43:42', 0.5512, 'Class 5'),
(678, '2024-12-22 18:33:10', 0.8179, 'Class 1'),
(679, '2024-12-12 04:54:51', 0.9238, 'Class 4'),
(680, '2024-12-03 00:46:49', 0.914, 'Class 1'),
(681, '2024-12-17 06:27:13', 0.51, 'Class 4'),
(682, '2024-12-17 18:36:37', 0.7233, 'Class 4'),
(683, '2024-12-15 05:04:30', 0.8417, 'Class 5'),
(684, '2024-12-07 18:57:04', 0.5875, 'Class 3'),
(685, '2024-12-15 20:31:37', 0.6567, 'Class 2'),
(686, '2024-12-01 18:27:20', 0.5185, 'Class 4'),
(687, '2024-12-03 06:09:27', 0.8925, 'Class 2'),
(688, '2024-12-04 07:10:53', 0.891, 'Class 2'),
(689, '2024-12-11 04:54:52', 0.7674, 'Class 3'),
(690, '2024-12-27 00:49:22', 0.8125, 'Class 4'),
(691, '2024-12-24 03:05:03', 0.8097, 'Class 1'),
(692, '2024-12-01 23:02:35', 0.8661, 'Class 2'),
(693, '2024-12-09 17:40:38', 0.7421, 'Class 3'),
(694, '2024-12-04 16:55:16', 0.8258, 'Class 4'),
(695, '2024-12-29 15:38:28', 0.8082, 'Class 5'),
(696, '2024-12-15 10:50:53', 0.7732, 'Class 1'),
(697, '2024-12-12 19:02:01', 0.731, 'Class 4'),
(698, '2024-12-07 15:45:35', 0.5914, 'Class 2'),
(699, '2024-12-17 03:22:38', 0.5245, 'Class 4'),
(700, '2024-12-05 17:03:48', 0.6608, 'Class 3'),
(701, '2024-12-24 21:40:55', 0.5167, 'Class 3'),
(702, '2024-12-11 19:13:57', 0.8012, 'Class 2'),
(703, '2024-12-03 08:15:38', 0.908, 'Class 1'),
(704, '2024-12-07 13:30:15', 0.646, 'Class 3'),
(705, '2024-12-16 19:46:42', 0.5706, 'Class 2'),
(706, '2024-12-28 02:08:37', 0.8162, 'Class 3'),
(707, '2024-12-08 06:05:47', 0.6418, 'Class 2'),
(708, '2024-12-18 11:29:50', 0.6194, 'Class 5'),
(709, '2024-12-19 12:46:16', 0.6428, 'Class 4'),
(710, '2024-12-01 22:17:06', 0.9231, 'Class 1'),
(711, '2024-12-08 07:57:37', 0.8843, 'Class 2'),
(712, '2024-12-23 09:35:06', 0.7131, 'Class 3'),
(713, '2024-12-04 16:43:09', 0.9526, 'Class 3'),
(714, '2024-12-22 06:07:57', 0.842, 'Class 1'),
(715, '2024-12-28 14:40:24', 0.8883, 'Class 4'),
(716, '2024-12-18 16:46:23', 0.8035, 'Class 4'),
(717, '2024-12-03 11:37:47', 0.5914, 'Class 4'),
(718, '2024-12-10 16:07:24', 0.6148, 'Class 5'),
(719, '2024-12-24 13:17:20', 0.6966, 'Class 3'),
(720, '2024-12-31 00:12:59', 0.817, 'Class 5'),
(721, '2024-12-11 14:35:44', 0.937, 'Class 1'),
(722, '2024-12-15 08:57:36', 0.9117, 'Class 3'),
(723, '2024-12-15 00:12:05', 0.7853, 'Class 2'),
(724, '2024-12-11 17:16:43', 0.7235, 'Class 5'),
(725, '2024-12-06 19:28:19', 0.8566, 'Class 4'),
(726, '2024-12-30 08:48:55', 0.7077, 'Class 4'),
(727, '2024-12-04 10:03:25', 0.8679, 'Class 1'),
(728, '2024-12-10 09:47:24', 0.7382, 'Class 2'),
(729, '2024-12-09 19:48:41', 0.548, 'Class 5'),
(730, '2024-12-27 02:48:04', 0.9823, 'Class 2'),
(731, '2024-12-20 02:04:57', 0.595, 'Class 4'),
(732, '2024-12-31 11:16:17', 0.8872, 'Class 2'),
(733, '2024-12-25 21:18:37', 0.8388, 'Class 4'),
(734, '2024-12-18 03:35:00', 0.9611, 'Class 4'),
(735, '2024-12-03 20:00:43', 0.5179, 'Class 4'),
(736, '2024-12-15 18:06:46', 0.6768, 'Class 4'),
(737, '2024-12-23 07:27:15', 0.5295, 'Class 5'),
(738, '2024-12-25 19:15:10', 0.8899, 'Class 3'),
(739, '2024-12-10 17:55:48', 0.5521, 'Class 3'),
(740, '2024-12-26 16:26:08', 0.7954, 'Class 2'),
(741, '2024-12-22 03:27:39', 0.7529, 'Class 5'),
(742, '2024-12-14 19:49:52', 0.7789, 'Class 4'),
(743, '2024-12-06 07:48:19', 0.9631, 'Class 1'),
(744, '2024-12-05 14:04:28', 0.96, 'Class 3'),
(745, '2024-12-27 19:22:14', 0.5034, 'Class 1'),
(746, '2024-12-13 19:40:06', 0.7882, 'Class 2'),
(747, '2024-12-29 00:22:49', 0.7624, 'Class 1'),
(748, '2024-12-07 20:39:17', 0.7334, 'Class 1'),
(749, '2024-12-28 23:12:34', 0.5717, 'Class 3'),
(750, '2024-12-19 08:32:54', 0.6394, 'Class 2'),
(751, '2024-12-05 06:41:42', 0.6969, 'Class 3'),
(752, '2024-12-01 06:16:48', 0.9704, 'Class 3'),
(753, '2024-12-23 02:02:21', 0.5499, 'Class 4'),
(754, '2024-12-29 03:45:20', 0.6935, 'Class 4'),
(755, '2024-12-14 05:53:58', 0.7709, 'Class 4'),
(756, '2024-12-23 03:47:50', 0.8243, 'Class 4'),
(757, '2024-12-03 20:16:46', 0.995, 'Class 3'),
(758, '2024-12-26 16:35:38', 0.6634, 'Class 5'),
(759, '2024-12-05 14:00:28', 0.8472, 'Class 2'),
(760, '2024-12-18 20:08:42', 0.5472, 'Class 5'),
(761, '2024-12-26 08:16:13', 0.5706, 'Class 2'),
(762, '2024-12-05 19:57:40', 0.9886, 'Class 5'),
(763, '2024-12-23 22:28:33', 0.798, 'Class 4'),
(764, '2024-12-20 09:54:45', 0.6031, 'Class 1'),
(765, '2024-12-17 16:15:33', 0.9953, 'Class 4'),
(766, '2024-12-12 02:51:03', 0.8272, 'Class 3'),
(767, '2024-12-27 22:39:19', 0.7734, 'Class 1'),
(768, '2024-12-09 01:13:11', 0.6819, 'Class 2'),
(769, '2024-12-21 20:26:16', 0.9049, 'Class 4'),
(770, '2024-12-07 00:36:26', 0.6319, 'Class 1'),
(771, '2024-12-02 16:43:38', 0.9305, 'Class 2'),
(772, '2024-12-21 09:46:27', 0.9886, 'Class 1'),
(773, '2024-12-26 03:28:51', 0.543, 'Class 5'),
(774, '2024-12-15 13:32:20', 0.8877, 'Class 2'),
(775, '2024-12-02 16:49:24', 0.8986, 'Class 1'),
(776, '2024-12-12 05:28:55', 0.8177, 'Class 2'),
(777, '2024-12-24 08:09:59', 0.6593, 'Class 2'),
(778, '2024-12-18 04:42:26', 0.8231, 'Class 3'),
(779, '2024-12-27 09:16:17', 0.559, 'Class 4'),
(780, '2024-12-15 08:46:53', 0.7942, 'Class 1'),
(781, '2024-12-14 22:01:46', 0.7589, 'Class 2'),
(782, '2024-12-23 04:59:38', 0.9761, 'Class 5'),
(783, '2024-12-19 04:44:43', 0.6553, 'Class 4'),
(784, '2024-12-27 08:13:18', 0.7264, 'Class 3'),
(785, '2024-11-30 23:07:50', 0.7573, 'Class 2'),
(786, '2024-12-19 15:36:12', 0.8028, 'Class 5'),
(787, '2024-12-08 13:44:56', 0.642, 'Class 3'),
(788, '2024-12-27 22:12:27', 0.9344, 'Class 3'),
(789, '2024-12-14 18:55:40', 0.6244, 'Class 1'),
(790, '2024-12-24 08:54:09', 0.6521, 'Class 3'),
(791, '2024-12-28 11:05:06', 0.8086, 'Class 5'),
(792, '2024-12-14 13:39:49', 0.7267, 'Class 1'),
(793, '2024-12-01 10:11:18', 0.897, 'Class 4'),
(794, '2024-12-25 12:05:30', 0.6025, 'Class 1'),
(795, '2024-12-17 20:01:48', 0.6774, 'Class 2'),
(796, '2024-12-24 14:28:10', 0.8609, 'Class 3'),
(797, '2024-12-25 13:25:31', 0.661, 'Class 1'),
(798, '2024-12-22 12:49:11', 0.9341, 'Class 5'),
(799, '2024-12-10 20:25:11', 0.8248, 'Class 2'),
(800, '2024-12-13 06:20:47', 0.67, 'Class 5'),
(801, '2024-12-10 08:32:51', 0.6724, 'Class 1'),
(802, '2024-12-13 16:36:30', 0.7267, 'Class 1'),
(803, '2024-12-11 07:34:13', 0.9582, 'Class 4'),
(804, '2024-12-30 06:30:48', 0.8764, 'Class 2'),
(805, '2024-12-21 02:01:00', 0.7386, 'Class 3'),
(806, '2024-12-03 07:38:17', 0.7551, 'Class 1'),
(807, '2024-12-05 19:38:18', 0.5468, 'Class 1'),
(808, '2024-12-27 04:02:36', 0.8733, 'Class 3'),
(809, '2024-12-31 15:49:05', 0.5098, 'Class 4'),
(810, '2024-12-01 13:59:52', 0.5043, 'Class 1'),
(811, '2024-12-12 16:10:24', 0.9559, 'Class 2'),
(812, '2024-12-13 15:03:19', 0.8391, 'Class 5'),
(813, '2024-12-30 00:55:11', 0.9846, 'Class 3'),
(814, '2024-12-05 12:27:22', 0.8638, 'Class 5'),
(815, '2024-12-02 18:34:15', 0.7478, 'Class 3'),
(816, '2024-12-13 20:11:59', 0.5748, 'Class 2'),
(817, '2024-12-22 22:15:34', 0.8634, 'Class 3'),
(818, '2024-12-23 17:31:29', 0.5564, 'Class 4'),
(819, '2024-12-30 01:00:01', 0.9591, 'Class 1'),
(820, '2024-12-13 03:01:45', 0.7086, 'Class 3'),
(821, '2024-12-31 06:19:25', 0.7163, 'Class 1'),
(822, '2024-12-01 18:52:42', 0.7477, 'Class 5'),
(823, '2024-12-19 06:23:01', 0.572, 'Class 2'),
(824, '2024-12-05 14:55:41', 0.6414, 'Class 4'),
(825, '2024-12-04 13:47:47', 0.9901, 'Class 2'),
(826, '2024-12-16 07:02:32', 0.5188, 'Class 4'),
(827, '2024-12-11 22:57:15', 0.734, 'Class 2'),
(828, '2024-12-09 02:02:36', 0.5183, 'Class 5'),
(829, '2024-12-19 02:12:06', 0.7253, 'Class 1'),
(830, '2024-12-15 01:36:18', 0.9322, 'Class 2'),
(831, '2024-12-29 15:53:52', 0.7484, 'Class 3'),
(832, '2024-12-22 12:53:39', 0.9567, 'Class 4'),
(833, '2024-12-05 23:10:43', 0.6155, 'Class 2'),
(834, '2024-12-22 05:29:14', 0.9228, 'Class 3'),
(835, '2024-12-12 17:33:33', 0.7374, 'Class 4'),
(836, '2024-12-09 23:40:20', 0.6784, 'Class 5'),
(837, '2024-12-20 18:13:48', 0.9244, 'Class 5'),
(838, '2024-12-06 05:00:08', 0.8108, 'Class 5'),
(839, '2024-12-10 18:21:26', 0.5867, 'Class 5'),
(840, '2024-12-09 07:26:19', 0.7045, 'Class 1'),
(841, '2024-12-25 03:28:22', 0.6448, 'Class 3'),
(842, '2024-12-11 17:23:22', 0.5664, 'Class 3'),
(843, '2024-12-29 05:12:57', 0.8786, 'Class 3'),
(844, '2024-12-20 00:27:01', 0.6206, 'Class 5'),
(845, '2024-12-27 04:10:15', 0.6335, 'Class 4'),
(846, '2024-12-03 11:10:09', 0.5181, 'Class 3'),
(847, '2024-12-14 07:24:44', 0.5175, 'Class 1'),
(848, '2024-12-18 19:22:21', 0.8164, 'Class 5'),
(849, '2024-12-20 18:15:43', 0.7499, 'Class 3'),
(850, '2024-12-03 23:43:23', 0.5112, 'Class 5'),
(851, '2024-12-10 00:37:49', 0.7519, 'Class 5'),
(852, '2024-12-27 16:38:10', 0.825, 'Class 5'),
(853, '2024-12-30 09:52:26', 0.9858, 'Class 3'),
(854, '2024-12-11 08:04:42', 0.7425, 'Class 2'),
(855, '2024-12-12 22:47:59', 0.6259, 'Class 4'),
(856, '2024-12-03 03:28:20', 0.5468, 'Class 1'),
(857, '2024-12-24 05:45:52', 0.8131, 'Class 4'),
(858, '2024-12-11 21:45:28', 0.9729, 'Class 2'),
(859, '2024-12-15 16:25:50', 0.5295, 'Class 2'),
(860, '2024-12-23 15:27:01', 0.779, 'Class 3'),
(861, '2024-12-07 19:00:47', 0.973, 'Class 2'),
(862, '2024-12-22 21:00:38', 0.9228, 'Class 3'),
(863, '2024-12-21 02:52:15', 0.8032, 'Class 2'),
(864, '2024-12-11 17:23:37', 0.8271, 'Class 3'),
(865, '2024-12-19 06:06:12', 0.9913, 'Class 2'),
(866, '2024-12-18 23:54:22', 0.75, 'Class 3'),
(867, '2024-12-28 19:59:06', 0.6408, 'Class 2'),
(868, '2024-12-25 19:28:26', 0.558, 'Class 1'),
(869, '2024-12-07 02:34:28', 0.6777, 'Class 4'),
(870, '2024-12-17 10:09:42', 0.5884, 'Class 4'),
(871, '2024-12-10 08:49:35', 0.8479, 'Class 5'),
(872, '2024-12-21 08:57:34', 0.8656, 'Class 4'),
(873, '2024-12-11 10:28:52', 0.9726, 'Class 1'),
(874, '2024-12-29 23:15:37', 0.5528, 'Class 1'),
(875, '2024-12-25 20:05:00', 0.7678, 'Class 5'),
(876, '2024-12-01 20:39:33', 0.816, 'Class 5'),
(877, '2024-12-15 17:40:15', 0.6373, 'Class 4'),
(878, '2024-12-07 18:30:28', 0.9195, 'Class 4'),
(879, '2024-12-22 23:42:53', 0.5164, 'Class 2'),
(880, '2024-12-11 06:53:30', 0.9874, 'Class 4'),
(881, '2024-12-22 20:41:28', 0.9924, 'Class 3'),
(882, '2024-12-06 16:35:49', 0.6431, 'Class 3'),
(883, '2024-12-25 13:19:30', 0.6157, 'Class 3'),
(884, '2024-12-25 10:25:26', 0.7728, 'Class 2'),
(885, '2024-12-21 19:38:21', 0.7762, 'Class 2'),
(886, '2024-12-11 15:04:29', 0.5005, 'Class 1'),
(887, '2024-12-02 05:38:57', 0.5231, 'Class 2'),
(888, '2024-12-31 02:53:29', 0.9406217, 'Class 5'),
(889, '2024-12-31 02:54:21', 0.99999094, 'Class 1'),
(890, '2024-12-31 02:54:28', 0.7475054, 'Class 1'),
(891, '2024-12-31 02:54:36', 0.99424326, 'Class 1'),
(892, '2024-12-31 02:54:59', 0.52069956, 'Class 2'),
(893, '2024-12-31 02:56:49', 0.30706355, 'Class 1'),
(894, '2024-12-31 03:04:32', 0.96160054, 'Class 1'),
(895, '2024-12-31 03:05:10', 0.9932151, 'Class 5'),
(896, '2025-01-12 08:46:42', 0.8602151, 'Class 1'),
(897, '2025-01-12 08:51:48', 0.99008024, 'Class 1'),
(898, '2025-01-12 10:24:08', 0.83000654, 'Class 1'),
(899, '2025-01-12 10:24:52', 0.7080113, 'Class 1'),
(900, '2025-01-12 10:25:16', 0.4898693, 'Class 1'),
(901, '2025-01-18 04:58:02', 0.8901069, 'Class 5'),
(902, '2025-01-18 04:58:11', 0.7107263, 'Class 1'),
(903, '2025-01-18 04:58:21', 0.3727356, 'Class 1'),
(904, '2025-01-18 04:58:27', 0.9969536, 'Class 1'),
(905, '2025-01-18 04:58:51', 0.98140734, 'Class 2'),
(906, '2025-01-18 04:59:01', 0.99742943, 'Class 5'),
(907, '2025-01-18 04:59:14', 0.9863212, 'Class 5'),
(908, '2025-01-18 04:59:26', 0.99803704, 'Class 2'),
(909, '2025-01-18 05:00:02', 0.72499484, 'Class 5'),
(910, '2025-01-18 05:02:27', 0.3670644, 'Class 2'),
(911, '2025-01-18 05:03:08', 0.9701222, 'Class 5'),
(912, '2025-01-18 05:03:18', 0.82348275, 'Class 5'),
(913, '2025-01-18 05:03:53', 0.40357795, 'Class 1'),
(914, '2025-01-18 05:04:01', 0.595587, 'Class 5'),
(915, '2025-01-18 05:04:47', 0.85426253, 'Class 2'),
(916, '2025-01-18 05:04:54', 0.88800925, 'Class 1'),
(917, '2025-01-18 05:05:01', 0.7292263, 'Class 2'),
(918, '2025-01-18 05:05:08', 0.74117607, 'Class 2'),
(919, '2025-01-18 05:05:28', 0.9620739, 'Class 1'),
(920, '2025-01-18 05:05:56', 0.80849695, 'Class 1'),
(921, '2025-01-18 05:06:02', 0.916103, 'Class 1'),
(922, '2025-01-18 05:06:07', 0.9091152, 'Class 1'),
(923, '2025-01-18 05:06:54', 0.45890167, 'Class 1'),
(924, '2025-01-18 05:07:05', 0.656428, 'Class 1'),
(925, '2025-01-18 05:08:56', 0.9996787, 'Class 5'),
(926, '2025-01-18 05:09:02', 0.9653095, 'Class 5'),
(927, '2025-01-18 05:09:09', 0.92544866, 'Class 2'),
(928, '2025-01-18 05:09:18', 0.94950986, 'Class 2'),
(929, '2025-01-18 05:09:27', 0.5124053, 'Class 5'),
(930, '2025-01-18 05:10:03', 0.9972307, 'Class 1'),
(931, '2025-01-18 05:10:13', 0.99807394, 'Class 2'),
(932, '2025-01-18 05:10:27', 0.55649954, 'Class 2'),
(933, '2025-01-18 05:12:33', 0.91972, 'Class 5'),
(934, '2025-01-18 05:12:41', 0.2884058, 'Class 2');

--
-- Indexes for dumped tables
--

--
-- Indexes for table `admin`
--
ALTER TABLE `admin`
  ADD PRIMARY KEY (`admin_id`) USING BTREE;

--
-- Indexes for table `class`
--
ALTER TABLE `class`
  ADD PRIMARY KEY (`class_id`);

--
-- Indexes for table `detection`
--
ALTER TABLE `detection`
  ADD PRIMARY KEY (`detection_id`),
  ADD KEY `class_id` (`class_id`);

--
-- AUTO_INCREMENT for dumped tables
--

--
-- AUTO_INCREMENT for table `admin`
--
ALTER TABLE `admin`
  MODIFY `admin_id` int(11) NOT NULL AUTO_INCREMENT, AUTO_INCREMENT=8;

--
-- AUTO_INCREMENT for table `detection`
--
ALTER TABLE `detection`
  MODIFY `detection_id` int(11) NOT NULL AUTO_INCREMENT, AUTO_INCREMENT=935;

--
-- Constraints for dumped tables
--

--
-- Constraints for table `detection`
--
ALTER TABLE `detection`
  ADD CONSTRAINT `class_id` FOREIGN KEY (`class_id`) REFERENCES `class` (`class_id`) ON DELETE CASCADE ON UPDATE CASCADE;
COMMIT;

/*!40101 SET CHARACTER_SET_CLIENT=@OLD_CHARACTER_SET_CLIENT */;
/*!40101 SET CHARACTER_SET_RESULTS=@OLD_CHARACTER_SET_RESULTS */;
/*!40101 SET COLLATION_CONNECTION=@OLD_COLLATION_CONNECTION */;
